item,response
brick,brick
brick,build an outdoor oven for baking bread
brick,use as self-defense
brick,family creativity time together with bricks
brick,build a garden with bricks
brick,build a garden seating
brick,build a flower bed
brick,paint the bricks
brick,use the brick to write on a wall by scratching it
brick,build a cooling chamber
brick,build a house for winter
brick,use it as a personal emotional support brick
brick,rubber duck with it for coding
brick,use it in an emergency to smash a window
brick,heat it up and use as a heat source for cooking s'mores or bacon
brick,play a game throwing the brick
brick,use it as a self-defense tool
brick,use it as an inappropriate dildo
brick,sculpt it into figures.
brick,make it into a cup and drink tea out of it.
brick,use it for birds in your garden when filled with water
brick,use it to ponder schnitzel
brick,use it to hammer a nail
brick,use it as a murder weapon
brick,use it as an exfoliation tool
